{"cameraMode":{"drawMode":0,"name":"Shaded","section":"Shading Mode"},"sceneLighting":true,"audioPlay":false,"sceneViewState":{"showFog":true,"showMaterialUpdate":false,"showSkybox":true,"showFlares":true,"showImageEffects":true,"showParticleSystems":true},"in2DMode":false,"pivot":{"x":0.13838917016983033,"y":1.0185353755950928,"z":0.6420139670372009},"rotation":{"x":0.16061195731163026,"y":-0.41952627897262576,"z":0.07569107413291931,"w":0.8902097344398499},"size":11.546551704406739,"orthographic":true}