{"cameraMode":{"drawMode":0,"name":"Shaded","section":"Shading Mode"},"sceneLighting":true,"audioPlay":false,"sceneViewState":{"showFog":true,"showMaterialUpdate":true,"showSkybox":true,"showFlares":true,"showImageEffects":true,"showParticleSystems":true},"in2DMode":false,"pivot":{"x":11.392660140991211,"y":-1.8825597763061524,"z":17.47702407836914},"rotation":{"x":0.18906539678573609,"y":-0.19963836669921876,"z":0.03929007053375244,"w":0.9606595039367676},"size":46.25402069091797,"orthographic":false}